date,f1,f10,f10b,f1b,f2,f2b,f3,f3b,f4,f4b,f5,f5b,f6,f6b,f7,f7b,f8,f8b,f9,f9b,pfb,pfd,pfl
1,14,16,10,5,13,10,11,15,17,3,7,10,8,7,12,13,13,13,12,11,114,106,89
2,8,12,8,6,17,9,8,4,8,12,11,17,19,13,5,13,18,11,18,12,111,91,100
3,11,16,9,14,17,15,8,14,12,13,9,18,16,11,10,11,18,11,5,11,111,95,99
4,17,17,3,6,8,6,7,17,11,7,17,11,11,11,8,12,9,11,9,9,95,91,100
5,17,7,8,9,11,4,12,5,14,4,6,15,18,6,7,12,12,8,14,11,104,119,114
6,16,9,13,1,9,7,12,9,19,5,9,9,8,9,17,10,13,9,8,12,108,80,96
7,18,19,6,2,7,8,16,10,16,6,11,15,11,12,18,12,18,10,15,10,87,91,88
8,15,17,6,4,5,3,19,5,16,12,13,11,19,7,11,10,6,12,5,9,118,109,88
9,12,5,12,8,10,12,14,7,5,14,14,12,5,5,18,12,5,10,9,11,97,119,82
10,7,9,11,5,6,9,6,17,11,3,6,9,19,15,10,14,17,12,18,10,84,86,84
11,12,13,14,11,10,2,12,5,12,9,14,9,11,11,5,15,19,12,16,11,72,98,116
12,14,16,9,14,19,5,18,8,7,2,16,19,10,6,7,14,7,11,16,11,113,114,73
13,17,18,11,11,19,13,10,7,14,10,19,15,12,8,13,15,8,10,13,11,80,101,93
14,12,13,9,2,9,16,7,12,15,16,11,12,8,6,8,11,14,13,8,9,111,105,75
15,9,18,2,3,6,14,6,5,17,9,10,16,14,5,6,10,17,12,17,11,95,112,118
16,8,19,9,11,6,13,15,13,7,15,12,14,12,8,18,11,8,13,5,9,81,89,104
17,17,18,14,3,17,14,5,10,12,4,16,12,11,14,5,10,10,11,6,9,102,91,81
18,12,7,2,11,11,13,11,13,19,13,14,18,10,13,19,12,7,10,12,10,91,86,89
19,5,9,13,9,15,3,5,14,8,7,18,18,10,16,8,13,6,8,10,10,94,110,82
20,7,10,16,11,9,14,11,15,11,10,6,14,6,6,19,10,15,13,13,12,87,109,82
21,18,19,2,9,13,4,18,6,12,8,19,13,6,7,5,14,18,12,18,12,110,88,76
22,7,16,4,13,15,4,8,16,10,3,10,14,9,10,16,12,5,8,19,9,102,104,100
23,12,17,6,6,10,8,17,9,14,15,8,10,15,8,7,12,14,10,16,9,88,104,103
24,9,5,6,13,8,13,16,18,16,6,13,13,9,6,12,14,13,8,14,9,71,102,92
25,19,5,4,4,10,7,19,14,8,9,8,16,12,12,9,10,14,8,12,11,76,103,73
26,9,8,2,4,8,11,8,3,17,4,12,19,11,11,18,10,7,12,6,9,72,112,114
27,14,9,15,6,17,15,15,13,17,15,5,12,15,11,6,11,11,9,8,9,78,116,83
28,19,5,13,5,12,16,17,18,7,2,13,15,18,14,12,15,14,12,7,12,98,114,73
29,16,10,3,12,10,8,6,10,7,2,6,15,12,7,10,14,8,12,7,9,77,94,105
30,18,17,2,7,5,16,5,9,17,5,19,18,6,9,11,13,7,10,17,10,105,94,87
31,18,6,11,4,5,3,14,11,16,2,16,19,10,10,15,15,14,9,15,12,71,82,119
32,5,18,5,4,18,9,19,5,6,11,10,13,8,11,18,10,13,13,6,11,79,97,99
33,19,19,11,8,19,16,10,6,11,13,11,12,14,11,19,10,19,13,5,10,110,94,76
34,15,11,15,5,13,7,5,10,15,15,5,13,16,15,13,10,19,11,11,9,118,91,100
35,5,6,2,9,8,3,10,12,11,6,16,11,14,8,10,11,9,9,5,10,106,100,91
36,14,5,9,8,6,2,5,8,10,15,15,18,6,6,13,13,16,10,18,9,83,85,104
37,15,10,14,7,8,13,12,12,19,16,10,9,19,9,14,11,14,11,17,12,76,103,108
38,5,19,12,4,18,11,10,9,13,8,5,18,6,5,13,10,10,9,13,11,115,104,83
39,18,5,10,5,8,13,15,6,15,16,18,11,18,11,11,11,9,11,12,9,88,93,115
40,18,8,8,7,13,3,11,15,18,3,15,12,5,13,9,15,11,10,19,9,72,97,93
41,14,13,7,5,13,16,19,9,12,2,17,9,14,10,5,14,8,8,7,12,75,87,96
42,5,17,11,10,15,9,5,17,8,10,14,13,10,11,5,13,11,9,14,9,101,117,73
43,12,11,15,2,19,10,10,5,5,12,7,9,14,8,9,11,16,8,10,10,86,103,85
44,13,12,9,7,15,14,13,13,8,2,8,14,5,5,18,11,6,11,17,12,87,82,90
45,15,6,4,3,19,4,14,8,18,14,12,9,5,12,16,12,17,13,15,9,118,93,114
46,17,16,13,6,12,7,9,3,13,13,6,18,8,12,6,15,6,8,13,12,117,85,86
47,12,18,4,13,8,15,12,9,8,5,19,12,13,15,10,13,11,13,5,9,113,107,113
48,7,12,11,1,11,2,16,15,6,11,17,14,8,7,12,14,6,11,19,12,113,119,77
49,10,10,3,6,6,3,8,11,18,15,12,15,14,15,5,11,15,10,16,10,103,106,111
50,13,17,3,9,16,8,6,8,15,4,7,18,13,14,8,10,8,11,14,12,85,100,107
51,15,19,16,11,19,2,10,16,5,3,18,10,10,15,19,10,9,8,10,12,84,116,81
52,8,6,2,2,6,7,13,14,7,15,12,14,5,15,10,11,15,9,9,12,114,82,75
53,13,10,5,13,12,2,12,14,6,4,19,15,9,13,15,12,6,8,5,11,84,85,100
54,8,18,9,2,7,4,17,12,9,15,5,12,13,12,18,10,7,10,16,12,95,96,109
55,15,7,12,1,10,12,18,5,14,12,17,17,11,15,18,15,14,10,12,11,78,110,111
56,8,6,7,12,12,6,6,7,14,13,8,11,8,10,16,12,11,9,17,11,78,80,100
57,11,11,7,8,8,4,18,10,5,8,7,11,16,5,15,14,19,11,11,11,96,108,103
58,16,13,12,7,16,7,11,12,11,16,7,9,13,10,17,10,16,9,11,9,77,112,99
59,10,19,2,13,17,2,7,7,14,9,5,15,16,16,16,11,10,13,12,9,99,119,95
60,18,17,15,2,18,13,19,10,9,6,15,10,14,14,5,14,15,11,8,11,70,85,119
61,9,18,14,5,17,12,7,7,7,13,8,10,18,16,7,14,5,13,18,10,85,100,111
62,10,8,9,10,19,13,13,8,8,4,19,17,6,9,5,13,16,13,13,12,94,100,110
63,5,12,2,5,9,3,7,15,8,14,8,18,18,9,14,10,10,10,6,11,76,96,70
64,11,14,3,9,11,7,14,12,14,7,6,17,18,13,18,14,13,13,15,12,94,110,96
65,5,5,15,3,13,8,13,13,17,2,12,9,17,13,7,12,16,12,11,11,119,118,87
66,15,14,7,10,8,6,15,18,11,7,14,9,8,9,18,13,10,9,14,12,106,118,101
67,18,18,8,13,10,14,12,6,11,5,9,9,5,6,5,14,13,12,10,9,104,116,92
68,12,7,16,13,9,15,7,4,16,13,14,14,13,15,9,10,11,11,6,9,74,95,100
69,17,7,12,1,17,11,11,8,6,6,7,10,6,11,19,15,15,9,12,10,104,119,77
70,6,19,9,13,14,11,6,13,12,11,11,18,17,16,18,14,12,9,17,12,77,95,117
71,19,14,10,6,11,8,16,8,12,15,12,16,5,8,18,15,16,10,19,11,89,97,83
72,9,12,10,4,7,12,11,14,6,9,17,15,18,7,5,12,17,10,11,10,106,90,118
73,9,14,5,10,14,11,10,18,19,15,14,17,18,9,16,15,10,9,11,12,100,112,79
74,16,19,6,12,9,8,8,12,5,2,14,9,12,9,18,12,9,9,10,11,86,90,110
75,5,16,8,7,13,13,16,17,7,7,13,11,14,16,16,12,5,9,17,11,117,80,119
76,9,16,7,2,11,15,13,4,14,13,11,13,16,16,9,10,16,11,15,9,89,85,115
77,7,15,6,6,18,15,6,11,13,4,14,11,19,14,13,15,18,13,14,11,103,85,90
78,13,12,4,1,17,7,11,7,6,3,6,19,18,8,16,11,19,13,7,10,114,98,79
79,17,15,9,2,14,4,8,8,19,10,10,18,7,16,14,14,19,12,5,11,71,97,75
80,6,19,11,13,10,10,5,15,16,2,15,14,15,13,10,10,8,12,7,11,119,106,71
81,16,18,15,10,18,8,14,13,14,3,6,9,10,11,18,12,10,11,9,11,75,118,116
82,13,9,14,7,14,6,13,8,11,8,15,9,14,6,8,15,17,9,7,12,97,101,100
83,17,6,13,11,9,6,6,6,14,9,11,16,5,6,6,15,12,11,10,12,95,113,117
84,17,16,5,11,14,12,12,12,17,6,12,12,16,15,11,13,17,11,7,9,111,106,102
85,14,19,2,5,18,8,6,4,7,5,7,14,16,12,17,13,8,9,15,10,92,113,72
86,11,9,5,10,6,11,7,8,17,16,14,10,11,14,16,13,16,11,14,12,76,115,109
87,14,14,10,8,11,11,11,12,5,11,9,14,14,15,16,13,19,8,17,10,71,88,114
88,12,5,11,9,18,14,5,15,11,2,7,14,14,6,8,11,19,11,11,9,99,98,80
89,6,12,9,4,10,5,19,10,17,12,10,14,10,11,14,15,7,13,18,11,102,104,100
90,13,9,12,3,7,12,14,17,19,10,5,17,15,13,8,10,17,11,9,9,81,87,105
91,9,15,13,4,7,10,19,9,10,9,11,14,6,15,12,10,6,11,14,10,73,81,112
92,17,12,8,12,13,8,12,9,15,8,14,19,15,9,15,15,8,11,9,11,97,105,112
93,6,17,10,12,17,14,7,5,9,10,15,16,7,14,17,11,8,12,12,10,96,104,95
94,19,5,14,5,9,3,15,14,10,2,14,13,6,8,16,12,8,8,10,9,106,105,109
95,13,14,7,6,15,15,17,10,7,7,12,19,6,7,5,11,14,9,6,11,70,81,71
96,6,11,8,10,13,6,11,4,10,16,15,16,14,14,14,12,11,9,13,9,113,101,118
97,10,9,14,5,8,16,12,8,17,5,10,17,10,14,9,14,11,13,16,12,119,114,100
98,9,5,12,3,13,7,8,16,18,12,13,15,12,6,9,10,13,8,16,11,77,91,108
99,15,13,8,7,17,15,15,18,17,5,17,14,18,10,16,14,18,8,7,9,82,107,103
100,16,18,7,5,15,15,15,5,9,4,16,15,18,14,5,10,7,11,12,10,73,103,80
101,18,17,5,6,5,7,18,10,14,5,15,17,15,8,10,11,7,13,13,11,95,81,84
102,19,6,7,3,8,13,9,8,14,4,10,11,5,11,8,10,7,8,8,11,100,90,87
103,11,7,11,11,17,13,5,12,17,14,14,13,17,10,15,12,16,8,5,11,97,80,89
104,19,8,2,10,5,12,11,12,16,13,14,16,9,9,14,13,6,12,5,12,84,105,90
105,6,18,16,1,18,9,13,18,13,8,15,17,5,14,18,13,14,12,14,12,75,92,105
106,8,15,8,10,10,7,7,10,11,4,15,10,19,8,9,12,5,11,13,11,88,92,85
107,11,16,14,12,10,12,12,5,10,15,13,13,15,15,19,13,14,13,16,11,108,105,113
108,7,10,5,6,13,16,6,4,7,16,6,12,16,10,9,10,15,9,18,9,108,91,82
109,11,19,4,6,13,9,13,3,17,11,15,13,7,11,13,14,19,12,19,9,106,80,113
110,18,9,16,7,7,9,18,6,8,5,10,10,15,15,19,13,19,9,9,12,83,112,95
111,6,10,15,5,18,16,10,10,12,11,6,19,15,11,19,11,15,8,8,9,103,108,114
112,16,11,13,6,7,2,9,5,8,13,17,13,7,15,16,15,19,13,7,11,102,96,89
113,13,5,14,3,7,6,10,10,11,14,18,10,7,7,7,12,15,8,12,11,113,106,115
114,14,9,4,11,19,2,13,9,15,4,14,17,9,10,10,13,14,13,12,10,90,105,81
115,11,16,10,2,16,11,8,11,15,12,17,19,12,10,12,12,7,12,19,12,118,84,111
116,5,6,4,2,14,12,7,6,6,5,15,17,19,8,16,10,5,13,6,12,101,111,77
117,14,10,6,12,6,12,17,8,14,6,14,19,13,12,15,11,18,11,14,12,81,119,84
118,13,5,16,9,13,10,12,17,12,8,7,18,19,12,15,13,18,11,9,9,79,94,87
119,16,19,5,10,7,8,6,3,11,6,17,10,9,7,10,14,15,10,19,12,98,100,78
120,19,19,16,9,12,3,11,4,11,8,17,11,5,13,13,11,6,11,10,11,71,113,93
121,14,12,8,10,16,4,17,7,7,2,11,11,5,7,17,11,11,10,5,9,83,112,77
122,5,13,10,4,6,16,13,10,8,11,7,12,6,6,7,14,6,8,9,12,89,101,98
123,15,15,12,2,16,7,6,5,16,9,6,17,15,11,12,10,14,10,6,10,103,104,85
124,17,11,5,3,5,11,19,4,9,2,12,13,17,16,8,14,12,9,14,11,116,97,106
125,15,15,16,1,6,4,9,13,10,2,5,17,14,7,9,15,13,10,5,10,101,112,74
126,6,9,10,5,15,15,8,17,7,12,9,13,16,14,13,14,17,12,12,12,86,112,83
127,18,6,6,3,9,5,15,5,13,12,11,18,18,16,15,12,14,9,16,12,88,87,79
128,6,6,8,1,5,10,8,4,9,15,9,19,18,7,13,11,10,11,18,9,113,112,117
129,13,18,5,10,9,14,9,8,10,4,17,12,9,16,11,14,18,11,12,10,108,115,94
130,17,14,11,6,8,16,18,8,5,2,18,10,18,7,6,11,16,11,5,11,115,81,80
131,12,19,10,10,17,2,11,11,9,15,6,19,8,8,9,11,7,8,7,10,108,84,82
132,10,11,9,11,17,2,15,10,13,9,13,10,14,9,15,14,9,10,19,10,76,93,109
133,15,10,14,10,9,15,16,10,11,7,9,12,8,6,9,12,13,11,14,10,98,111,110
134,19,10,10,11,16,2,12,4,9,13,6,19,14,8,6,13,10,8,14,10,91,84,74
135,8,7,7,1,18,2,14,5,12,15,5,10,8,9,6,15,18,11,14,9,92,119,70
136,11,14,9,10,10,16,19,11,11,10,9,17,12,9,15,10,14,9,13,12,117,90,78
137,13,13,14,1,9,3,8,12,13,16,19,18,9,12,18,12,7,8,12,12,99,101,108
138,5,18,12,9,7,7,6,15,10,2,5,12,5,8,13,12,8,11,18,11,82,112,108
139,12,18,4,5,16,8,11,17,6,8,5,13,14,5,6,12,14,12,5,11,114,112,94
140,13,19,4,12,6,5,7,7,10,12,10,19,10,6,17,13,11,12,7,11,75,114,74
141,16,5,9,6,18,12,7,18,19,4,12,12,6,5,18,12,9,13,13,12,104,86,107
142,7,12,7,4,8,6,8,14,15,13,15,9,19,13,13,12,18,8,16,10,70,85,99
143,11,8,8,1,17,4,15,13,19,10,18,15,14,5,10,13,17,10,11,11,85,94,108
144,6,5,7,13,11,3,18,18,8,12,17,9,17,13,5,15,18,11,19,10,101,86,108
145,19,15,14,7,7,12,6,17,9,16,14,11,10,6,7,13,9,9,10,11,105,89,89
146,14,8,16,2,12,5,16,17,8,13,17,10,12,10,11,15,9,12,12,11,113,90,72
147,14,18,13,1,19,11,12,9,14,12,18,11,18,10,10,12,15,12,7,9,110,114,108
148,19,17,14,11,5,8,7,9,10,12,11,17,16,11,15,14,12,11,15,9,109,119,112
149,8,18,5,10,11,2,16,10,16,5,19,18,17,12,16,14,12,9,6,9,91,80,81
150,17,15,5,1,14,7,14,10,8,14,6,13,19,10,18,12,5,11,19,10,106,94,96
151,18,9,15,14,18,16,16,18,11,3,5,14,18,9,6,11,15,9,8,11,80,114,91
152,14,10,15,7,10,12,9,14,9,4,13,11,18,10,5,15,8,9,17,12,89,102,76
153,10,6,7,12,17,5,13,13,17,16,8,19,12,15,7,12,9,12,12,11,103,92,108
154,5,18,14,6,10,13,7,16,18,12,18,14,16,6,12,10,13,13,6,10,111,107,104
155,6,18,13,9,14,7,6,11,5,11,11,9,8,11,10,11,18,9,19,11,106,87,119
156,7,6,12,5,17,3,11,9,16,6,18,18,7,10,12,11,5,8,8,11,96,115,76
157,15,10,10,4,13,9,14,17,9,2,13,16,19,13,5,14,13,11,19,9,109,88,118
158,19,13,5,12,5,6,14,11,15,11,15,17,12,6,18,14,16,10,8,11,91,117,75
159,5,16,5,12,13,11,9,8,15,9,19,16,13,5,18,15,6,11,19,9,119,95,89
160,14,13,5,13,14,16,19,4,13,13,5,10,15,6,18,12,17,13,6,9,109,80,110
161,13,12,2,6,19,2,19,12,10,15,19,13,7,5,18,11,13,13,7,12,104,100,103
162,18,7,16,3,5,8,6,8,10,9,5,13,6,12,14,15,18,9,19,12,119,91,84
163,18,19,8,8,8,8,5,9,7,12,16,12,9,12,18,13,17,8,14,12,104,107,82
164,5,12,7,1,12,7,16,10,6,12,16,15,15,12,16,13,11,10,13,11,113,103,89
165,6,8,7,1,10,3,14,11,14,12,17,18,8,9,9,14,9,13,18,10,91,97,96
166,10,19,7,12,17,10,17,13,19,8,11,11,19,6,13,15,11,11,19,12,99,112,107
167,7,18,13,10,6,9,15,12,13,10,18,17,11,8,13,12,18,9,12,11,112,98,74
168,15,10,11,7,18,3,6,7,9,2,19,10,14,13,19,14,17,12,11,11,75,96,96
169,17,19,12,13,15,3,8,18,13,3,18,18,8,11,17,10,8,9,14,11,97,100,103
170,8,8,4,10,11,2,13,17,5,2,17,16,10,13,7,10,18,8,16,9,94,114,107
171,17,8,13,6,19,12,15,8,12,16,6,19,18,5,19,12,14,13,8,10,80,110,77
172,13,17,14,13,14,11,15,11,9,2,15,17,5,8,14,13,9,12,18,9,76,101,89
173,11,7,3,5,17,13,11,7,16,9,10,18,6,12,9,13,15,12,5,9,91,105,76
174,8,16,9,3,9,9,8,16,7,15,17,18,10,6,8,15,17,13,18,9,107,89,89
175,7,16,10,12,9,15,13,13,13,6,17,17,8,12,5,13,14,10,11,12,100,104,80
176,13,13,8,1,10,11,19,4,11,8,16,16,5,9,6,13,10,12,11,11,76,99,96
177,12,11,10,7,9,5,9,12,18,11,11,13,18,13,6,10,5,11,6,12,99,119,103
178,5,17,4,7,12,5,8,15,10,7,15,19,16,13,14,13,18,9,8,9,88,104,100
179,7,16,11,3,14,9,9,12,17,8,16,9,14,15,13,15,19,9,17,10,101,93,98
180,14,5,2,13,6,7,10,18,14,9,5,11,19,13,18,11,12,13,17,10,116,111,105
181,11,19,5,11,17,14,15,8,18,12,10,16,9,10,11,10,12,10,9,11,86,110,94
182,13,5,14,9,10,9,17,10,8,6,19,15,16,15,19,11,13,13,19,12,73,118,106
183,8,13,9,9,13,15,8,9,17,13,14,16,17,13,16,13,9,10,8,9,106,80,98
184,14,9,8,9,15,4,16,18,18,14,12,16,16,5,5,10,7,11,11,9,108,118,114
185,13,7,2,4,9,16,15,6,5,4,9,14,16,12,15,12,7,12,17,11,76,98,116
186,18,7,13,9,7,10,6,10,11,12,5,18,15,7,12,13,8,9,10,11,86,107,109
187,12,16,14,12,19,15,13,11,17,14,13,11,17,15,7,15,16,8,18,11,79,92,70
188,15,7,9,9,11,5,6,6,6,15,12,16,14,15,18,13,16,8,8,10,70,108,103
189,13,17,5,4,13,7,8,16,8,13,12,18,13,7,10,11,10,9,7,10,118,82,84
190,17,10,10,12,17,2,17,10,15,11,16,18,19,13,18,14,17,11,14,10,114,119,75
191,12,17,2,4,14,4,8,12,17,13,14,13,7,12,15,12,6,11,5,10,95,100,109
192,14,11,14,11,16,5,8,11,16,13,9,17,7,7,5,12,8,10,19,9,77,83,100
193,16,19,5,12,8,5,13,3,6,4,7,9,9,6,18,10,13,9,10,11,110,89,109
194,18,13,9,14,10,2,19,11,6,2,8,9,12,16,18,14,7,11,9,9,100,106,82
195,9,12,15,9,16,7,10,15,12,8,6,14,5,16,19,10,5,9,17,10,71,116,93
196,11,15,15,10,18,16,15,14,7,15,8,11,19,12,7,13,14,9,7,9,116,100,96
197,5,6,10,10,7,13,10,4,12,3,13,12,16,12,15,12,10,8,15,12,118,111,94
198,13,19,13,3,6,6,6,4,12,12,10,9,14,14,8,13,18,11,9,10,82,87,86
199,6,16,13,10,9,13,17,8,9,5,18,18,16,5,9,11,6,9,7,11,110,92,95
200,6,18,13,12,5,2,11,3,8,10,14,12,14,15,18,11,10,13,8,12,87,98,84
201,11,16,14,10,7,5,14,3,10,6,11,14,11,6,10,12,10,10,14,11,90,91,117
202,19,16,16,2,10,7,14,10,14,14,16,14,9,15,16,11,8,13,6,9,86,85,85
203,14,19,14,14,5,6,9,17,11,12,5,14,5,7,12,11,18,11,13,11,85,118,75
204,16,15,14,9,16,14,5,5,7,2,19,11,6,12,17,15,12,9,10,10,95,99,93
205,18,7,11,14,9,6,19,5,8,13,12,13,5,16,9,15,17,9,6,11,118,102,115
206,15,18,13,2,15,14,7,17,11,5,18,10,15,10,9,14,10,13,11,10,70,95,79
207,16,17,9,14,12,4,12,4,14,10,16,10,13,12,19,15,9,8,9,9,89,114,75
208,18,16,7,7,8,2,12,16,19,2,15,11,5,11,18,12,9,9,8,11,115,93,96
209,9,15,8,2,5,12,9,15,6,3,17,13,7,8,11,13,11,10,10,11,77,108,115
210,19,6,11,14,10,6,19,18,10,6,9,18,14,14,10,13,9,13,16,12,98,112,114
211,13,8,14,8,14,13,9,16,8,6,10,14,8,16,13,13,6,13,15,12,96,89,115
212,10,16,14,12,13,5,6,12,13,16,10,16,5,14,7,11,17,8,7,10,109,81,118
213,13,19,3,7,16,10,14,6,19,5,16,14,6,9,8,14,19,12,13,10,102,87,83
214,12,14,7,2,11,5,13,13,14,10,14,11,7,12,13,11,16,12,18,9,105,106,116
215,10,6,14,2,11,5,7,6,9,11,7,13,18,6,10,12,12,8,5,10,89,117,109
216,12,5,13,12,5,12,14,11,19,9,14,19,8,5,15,13,13,8,19,11,91,89,75
217,8,8,8,6,13,9,9,5,8,6,13,13,7,13,16,10,16,9,11,10,100,108,103
218,17,14,13,10,15,7,13,12,5,16,6,17,16,14,16,13,15,9,15,9,109,117,108
219,12,17,9,5,6,3,8,10,14,8,12,14,14,6,17,14,7,12,9,12,97,113,106
220,6,18,8,14,19,12,14,12,9,8,5,12,18,5,14,11,14,13,8,11,101,106,96
221,8,11,2,6,11,16,8,7,9,6,17,9,13,10,8,12,16,11,10,11,105,118,116
222,17,18,10,2,11,5,17,5,15,12,7,9,16,13,19,11,7,12,9,12,85,98,117
223,14,11,11,7,14,10,15,17,17,2,6,12,12,12,13,12,5,10,7,11,113,114,102
224,12,13,8,3,14,14,5,12,9,7,15,19,17,10,14,13,6,12,15,12,83,84,97
225,16,17,16,7,19,6,6,13,7,9,5,10,19,9,10,14,10,9,7,12,87,86,78
226,10,9,13,1,8,13,5,4,16,4,12,9,17,16,19,11,13,9,11,10,92,102,107
227,12,6,8,7,14,16,15,10,16,12,17,16,9,8,8,10,5,11,17,11,108,102,90
228,15,6,3,10,17,12,11,15,11,9,12,11,9,15,8,10,14,8,18,11,88,112,100
229,19,14,15,3,9,7,10,15,16,2,10,12,11,13,6,10,16,13,12,9,80,113,93
230,5,5,7,8,19,12,18,13,8,5,16,12,5,13,19,14,18,13,9,11,117,82,93
231,18,19,15,2,10,3,5,15,8,3,6,13,6,12,18,11,5,12,10,11,102,119,75
232,8,15,8,14,13,14,13,15,13,9,13,17,8,13,16,11,17,9,11,9,81,115,119
233,19,16,5,8,6,3,10,9,9,10,14,14,5,16,15,13,10,11,10,9,82,100,111
234,16,9,16,5,5,6,9,17,18,9,17,14,14,8,5,10,19,10,18,11,96,94,111
235,7,17,9,10,16,10,13,9,16,11,15,17,15,12,11,13,17,10,10,12,96,114,108
236,9,17,9,4,9,8,7,13,5,3,6,19,15,5,7,12,7,12,6,10,118,111,117
237,6,12,8,12,6,14,17,11,8,6,12,9,15,7,17,11,10,12,14,12,101,86,90
238,7,8,6,12,19,12,6,6,19,9,18,18,11,16,7,10,13,12,6,10,110,100,100
239,7,18,11,3,15,14,10,17,13,3,7,16,7,16,10,11,15,10,10,11,110,90,93
240,9,10,9,2,10,16,19,18,11,11,18,19,12,14,5,13,6,12,12,10,90,107,88
241,14,13,9,13,11,10,16,16,13,7,13,16,12,6,13,10,15,10,7,12,87,97,97
242,19,10,7,11,7,7,13,5,7,5,17,18,6,5,14,12,14,11,17,12,71,118,101
243,7,15,15,13,9,5,11,15,15,10,15,14,15,9,16,12,17,9,18,9,90,80,105
244,17,19,10,6,8,8,10,4,17,7,10,15,8,8,8,13,18,9,15,12,79,88,89
245,12,12,12,7,11,15,5,4,13,12,16,14,18,12,18,14,10,9,17,10,71,99,93
246,14,9,7,7,9,16,5,6,9,14,5,12,11,12,8,11,12,13,12,12,118,118,95
247,8,8,14,5,19,8,5,18,17,9,9,13,17,14,12,11,6,9,8,10,102,92,83
248,16,12,7,7,19,5,14,3,13,6,7,16,18,9,5,10,11,10,7,9,85,94,92
249,5,16,6,12,15,2,16,10,15,6,12,17,5,16,5,15,9,12,10,11,115,105,70
250,5,15,9,7,12,3,19,6,15,16,12,10,18,16,13,14,16,12,11,12,87,106,85
251,16,14,9,8,8,3,12,5,16,8,14,18,18,14,16,14,8,8,13,12,100,107,80
252,6,19,11,12,8,14,19,16,16,15,15,15,11,11,13,12,5,12,18,10,79,101,80
253,14,18,3,2,6,15,8,18,6,12,19,13,11,16,8,13,12,13,6,12,75,113,113
254,17,12,2,1,14,13,7,12,18,13,8,11,16,10,8,15,12,13,14,11,79,107,108
255,7,8,11,14,6,13,19,9,19,7,7,15,16,6,13,13,7,9,11,10,112,108,110
256,8,15,4,12,9,7,10,11,17,12,7,11,11,13,14,13,8,13,5,11,95,95,74
257,5,17,3,13,13,13,6,13,10,12,19,9,11,14,8,10,15,12,16,11,100,86,112
258,5,11,7,4,19,12,14,6,6,6,17,17,12,16,14,15,15,10,15,10,85,99,88
259,14,13,9,5,14,3,18,6,14,5,13,9,6,7,17,10,14,11,13,12,114,101,84
260,19,10,15,4,5,8,10,18,14,8,16,16,14,15,9,12,14,10,19,12,102,82,86
261,15,8,6,14,10,2,10,9,5,11,11,9,6,16,14,14,6,9,14,10,84,111,84
262,5,5,9,14,16,4,18,18,12,4,15,16,18,14,6,13,12,8,5,12,114,94,70
263,14,9,11,2,14,2,19,18,9,16,15,11,9,16,11,13,8,13,18,10,95,117,104
264,13,12,15,10,15,16,10,15,8,9,19,12,5,9,5,14,19,11,6,12,74,85,116
265,10,15,16,13,5,11,12,8,6,11,8,19,9,12,7,13,7,9,11,10,78,86,96
266,10,9,16,8,5,14,13,7,18,5,13,17,5,8,17,11,11,9,7,10,103,113,85
267,18,17,3,4,5,6,8,8,17,2,6,13,7,12,10,11,8,12,14,10,88,110,83
268,8,8,14,14,17,3,10,6,17,7,19,9,12,16,7,14,17,12,18,10,118,106,110
269,17,8,9,13,6,16,18,12,9,15,10,15,6,12,9,11,14,10,5,9,77,111,111
270,15,15,12,11,16,9,18,15,19,12,9,9,18,5,16,12,5,13,19,12,118,97,75
271,17,11,11,3,5,2,10,12,14,5,15,9,18,8,15,10,18,11,10,10,76,113,118
272,14,19,7,3,8,11,14,18,19,2,5,17,18,10,17,10,13,13,19,11,111,113,102
273,16,9,16,11,12,3,15,13,19,10,14,10,11,8,17,12,9,12,7,12,92,92,89
274,9,11,11,5,13,6,12,17,15,12,19,16,5,8,18,11,13,10,17,12,103,111,74
275,14,7,3,12,6,11,11,9,10,3,8,10,9,9,8,13,9,10,5,11,88,93,88
276,16,19,12,7,5,12,12,4,9,15,7,17,14,10,7,15,14,10,10,12,74,98,83
277,17,5,10,7,14,6,6,12,16,12,14,12,18,12,18,13,16,12,9,10,94,82,77
278,15,7,13,10,11,8,8,14,19,10,5,13,14,7,9,11,15,10,19,12,76,90,74
279,7,6,8,12,12,3,9,12,10,3,8,15,10,14,8,13,15,8,11,11,107,93,96
280,13,9,7,7,13,14,7,3,18,12,15,19,5,6,6,12,5,13,12,10,81,91,94
281,11,16,10,10,17,16,6,14,7,10,7,12,18,11,8,13,5,12,6,10,108,86,75
282,17,5,8,5,18,11,15,18,10,16,8,9,9,12,7,14,9,11,17,12,100,112,114
283,19,17,9,7,10,9,16,15,12,10,8,11,13,12,6,11,12,9,6,9,88,82,108
284,6,9,10,6,18,16,9,11,15,9,11,15,16,12,9,15,11,10,5,9,96,96,103
285,10,9,3,12,9,16,6,4,8,13,12,19,7,16,14,12,9,10,14,11,73,82,70
286,14,15,2,7,17,15,19,8,8,13,5,19,11,15,10,12,6,11,16,10,100,90,75
287,19,17,11,7,14,6,7,14,6,15,6,19,8,11,16,15,8,10,8,9,70,118,107
288,16,16,11,2,13,9,17,10,9,9,13,19,12,15,17,14,14,12,10,10,99,108,74
289,12,8,15,1,6,15,8,3,6,13,18,17,18,10,12,11,14,8,14,12,104,103,77
290,10,16,4,10,18,9,5,18,7,13,10,10,5,7,11,13,9,13,19,12,81,84,77
291,6,14,8,13,18,2,14,16,16,13,15,9,13,15,9,13,7,13,12,9,104,92,83
292,9,12,14,8,7,14,14,12,19,2,10,18,8,14,6,11,8,13,6,9,96,106,97
293,8,5,3,1,13,13,9,17,16,3,5,9,11,13,16,13,11,9,6,10,114,103,99
294,5,8,8,10,5,13,10,13,11,12,14,18,14,15,18,13,6,9,12,12,116,112,83
295,17,9,10,8,15,16,5,13,8,11,13,11,16,15,9,11,14,11,17,10,115,104,104
296,16,11,3,7,9,14,10,11,6,11,18,16,16,7,19,10,7,10,10,9,97,104,95
297,14,9,7,9,5,12,9,18,18,16,8,19,13,15,17,11,18,13,15,9,93,106,74
298,9,7,11,11,8,15,8,4,11,12,12,13,12,15,16,10,14,10,13,10,89,96,83
299,6,13,10,13,5,14,19,4,9,15,15,11,18,6,14,15,16,9,5,10,110,80,73
300,16,19,4,12,18,7,8,15,13,3,9,11,11,14,17,10,11,13,6,12,118,94,98
301,11,13,15,11,6,10,7,8,10,4,17,18,10,9,5,12,5,12,15,12,95,103,70
302,13,11,6,1,11,10,9,15,5,10,12,18,6,11,16,11,7,13,7,11,77,94,112
303,18,9,8,8,19,5,7,16,13,11,7,14,12,12,19,15,8,13,6,9,87,86,100
304,15,12,3,11,11,7,11,11,15,7,14,17,7,13,16,11,19,9,12,12,115,92,113
305,14,11,11,14,11,11,5,15,9,7,19,18,6,6,9,13,13,10,10,11,89,116,90
306,9,13,14,10,18,11,5,13,16,3,7,18,17,15,8,12,5,8,9,9,102,116,90
307,10,19,3,11,15,13,9,6,6,10,12,18,14,7,10,15,15,9,9,11,93,102,98
308,9,15,10,1,7,14,6,11,12,9,11,19,5,10,12,11,18,10,13,9,87,88,110
309,16,8,13,2,13,14,17,9,13,12,14,19,17,7,8,13,15,8,8,11,102,106,96
310,13,12,7,11,11,6,19,15,15,15,11,12,14,5,16,14,19,13,18,11,90,82,93
311,17,8,7,5,14,10,5,4,18,12,17,18,11,8,19,10,11,11,13,10,76,119,79
312,9,19,16,4,5,10,13,14,19,12,11,17,15,11,11,10,6,12,18,11,99,108,93
313,17,14,2,4,14,4,5,6,8,6,15,9,5,12,10,12,7,11,16,12,78,113,103
314,6,7,9,7,7,3,7,4,16,12,7,12,15,12,7,11,9,8,12,11,118,80,118
315,8,7,15,4,13,9,12,15,16,7,14,10,15,12,14,13,17,9,18,10,94,90,78
316,12,7,10,12,10,8,14,17,6,10,10,10,10,16,11,12,14,8,16,12,86,104,103
317,18,7,3,12,19,13,12,18,15,10,12,10,14,7,6,10,17,12,8,9,96,81,74
318,14,15,10,10,5,4,5,3,8,5,7,15,7,14,17,11,9,11,15,9,75,109,98
319,14,13,2,8,10,10,17,3,14,2,17,19,19,8,14,12,15,10,12,10,95,96,117
320,6,9,3,13,13,15,14,12,10,8,11,17,11,12,9,15,18,10,8,12,94,90,71
321,8,6,2,13,15,14,17,3,11,11,13,18,14,11,9,10,12,12,12,12,89,92,74
322,17,5,2,6,17,6,11,12,9,6,14,16,10,5,5,12,15,10,14,10,112,113,89
323,8,7,2,6,14,8,6,8,6,4,10,12,14,16,9,10,14,9,10,9,86,115,78
324,19,8,10,11,5,9,13,18,7,12,11,13,13,10,10,15,11,11,18,12,118,106,104
325,6,16,14,5,8,8,10,16,6,4,11,18,6,6,6,13,18,12,14,10,96,89,118
326,14,5,5,3,13,5,8,12,14,11,11,10,17,14,9,14,13,9,7,12,116,102,79
327,18,19,14,14,18,8,5,13,6,11,17,13,11,5,11,15,8,11,18,12,113,98,111
328,14,10,10,2,8,5,14,17,13,10,17,19,15,13,11,14,14,8,11,9,101,95,71
329,13,10,13,2,18,10,7,8,17,3,11,10,19,5,16,12,16,13,7,9,118,105,75
330,7,6,5,7,18,7,18,8,5,6,16,16,13,16,10,11,11,10,15,10,106,89,89
331,14,12,12,11,6,7,16,12,15,7,18,17,6,16,11,12,14,8,12,9,79,82,102
332,7,7,15,5,11,5,15,16,18,9,18,9,7,10,12,10,6,10,13,10,85,107,76
333,6,7,12,6,10,5,12,8,7,13,10,14,14,6,15,10,9,9,5,10,99,99,98
334,8,6,3,12,11,16,16,3,5,7,18,19,10,11,14,14,7,9,5,11,105,99,91
335,12,12,2,8,14,15,19,7,8,16,19,9,17,5,12,12,6,9,9,10,107,89,115
336,12,6,7,11,14,16,15,15,15,13,9,15,15,11,7,12,15,12,6,10,112,99,115
337,9,7,8,3,12,16,9,9,11,16,12,16,6,11,13,13,19,10,13,11,108,110,115
338,7,7,12,12,18,7,12,11,18,8,8,9,9,5,13,10,6,8,13,10,83,108,114
339,16,6,9,12,17,15,11,8,14,13,10,18,19,12,6,13,14,10,18,9,84,115,90
340,17,6,2,12,5,4,10,9,9,12,13,9,12,7,11,11,5,9,18,9,97,97,75
341,10,8,7,10,7,4,6,4,14,2,18,10,6,12,13,14,11,13,14,12,86,104,108
342,19,9,9,4,9,13,5,10,13,2,7,17,19,9,8,12,18,10,10,10,78,119,96
343,7,11,16,10,6,9,13,15,8,16,19,10,9,7,17,13,12,12,5,12,89,104,116
344,18,17,6,1,6,12,15,15,5,12,6,18,16,8,18,10,19,12,18,12,84,86,76
345,10,14,15,5,12,10,18,13,17,13,10,17,5,10,8,10,7,10,12,11,93,102,75
346,12,12,9,13,14,7,14,15,15,10,13,10,12,10,6,11,17,11,10,9,104,94,84
347,12,14,4,14,13,5,5,17,16,13,15,17,11,15,18,10,8,10,8,12,71,117,74
348,7,15,16,5,5,14,8,18,10,16,18,9,6,11,19,15,13,11,5,11,110,106,89
349,13,11,13,13,18,2,9,15,5,13,15,14,14,14,9,15,12,9,7,10,86,99,109
350,13,18,4,3,11,5,10,4,18,8,8,15,12,6,18,12,17,10,13,10,118,105,94
351,16,16,3,7,9,3,10,17,9,5,10,10,13,12,18,11,12,11,12,10,75,98,116
352,7,7,3,14,8,10,14,11,5,4,14,19,8,11,7,15,11,10,10,9,76,103,93
353,12,13,11,3,11,10,14,4,9,2,9,18,5,6,17,10,13,11,7,12,96,117,73
354,11,11,6,7,5,16,5,7,19,9,17,9,5,13,17,14,16,11,15,12,70,81,112
355,17,10,15,6,18,5,5,5,6,7,5,11,18,11,8,10,5,12,11,12,116,109,81
356,10,12,6,12,6,8,10,7,15,3,12,17,6,9,19,11,7,8,11,12,81,109,101
357,15,14,3,14,8,16,15,11,15,14,5,16,17,6,10,10,11,11,14,11,76,109,78
358,5,7,2,13,11,10,5,13,19,5,15,16,11,16,12,11,11,10,16,9,82,113,110
359,5,17,2,2,19,14,17,12,15,6,9,15,18,16,6,14,12,8,18,12,73,93,113
360,10,18,5,5,11,8,18,9,18,6,18,12,9,5,15,12,6,10,12,11,71,115,81
361,15,11,6,11,14,15,14,16,17,6,19,10,7,7,16,11,9,9,13,11,113,115,85
362,12,18,7,12,7,2,11,7,8,6,17,13,6,13,12,15,15,8,15,11,117,92,110
363,6,19,8,2,14,6,7,17,8,3,11,10,11,5,7,10,15,12,6,10,70,89,86
364,15,11,12,4,5,16,10,8,7,14,11,11,9,5,19,12,6,10,18,10,96,98,84
365,7,5,2,9,12,11,19,15,14,3,15,17,5,14,10,13,17,8,14,10,84,88,71
366,5,14,8,10,6,6,18,12,7,5,16,14,8,5,16,14,7,10,6,11,119,109,86
367,16,8,12,13,13,9,13,12,9,12,9,10,15,5,11,11,5,8,13,12,78,109,107
368,19,5,5,9,13,6,14,11,5,14,13,14,9,12,8,10,6,9,18,9,77,114,86
369,9,6,14,14,10,6,5,8,14,15,11,9,14,7,6,10,18,13,6,11,107,114,103
370,15,13,11,5,14,3,8,12,5,8,16,11,15,8,9,12,12,9,19,10,107,82,112
371,16,8,5,3,17,10,17,7,9,6,16,12,17,16,7,10,15,12,12,9,105,95,77
372,18,6,8,4,16,2,16,17,9,5,13,9,9,5,8,10,13,9,7,12,81,117,110
373,5,10,6,5,16,2,18,17,18,12,16,16,13,8,15,12,10,11,10,12,102,111,82
374,13,19,12,9,17,14,6,7,13,16,10,19,16,13,19,10,15,10,9,9,102,105,109
375,5,5,3,13,16,10,13,5,13,16,6,15,13,15,18,14,9,12,10,10,115,80,117
376,6,18,15,3,6,11,16,18,5,11,18,10,15,7,14,15,16,13,8,9,98,89,89
377,10,14,4,5,6,12,9,16,19,10,19,15,7,12,10,11,18,12,15,10,110,107,94
378,10,16,12,10,9,13,5,12,19,5,7,18,16,15,18,12,17,13,6,10,76,105,111
379,16,18,10,1,9,2,13,3,17,6,7,17,8,16,12,12,5,13,11,12,97,97,109
380,13,14,3,7,14,3,16,8,10,7,19,17,17,10,17,15,5,13,5,9,83,100,90
381,16,13,2,4,19,9,11,5,12,16,17,17,18,9,11,12,5,12,15,9,117,119,70
382,18,17,13,1,17,4,17,5,9,3,17,11,18,16,6,15,10,12,15,9,99,88,105
383,5,7,10,11,13,12,18,5,13,12,14,17,9,7,5,12,11,11,9,11,80,117,110
384,8,9,3,2,9,3,15,3,9,13,15,11,10,13,15,12,14,11,18,12,102,80,91
385,19,17,5,1,6,3,7,15,7,16,16,12,13,5,5,10,19,13,7,10,115,102,86
386,17,16,5,11,10,14,8,8,9,8,14,12,7,15,12,15,12,13,9,9,104,114,81
387,19,14,8,10,10,8,16,7,12,4,14,16,13,10,10,15,10,10,6,10,80,111,110
388,6,7,16,7,6,16,18,18,6,8,6,12,19,8,15,14,11,13,5,12,92,116,87
389,13,13,2,14,5,13,11,13,18,6,11,12,6,14,14,12,17,13,11,9,103,108,89
390,15,5,14,11,6,2,10,10,7,16,15,15,10,12,12,13,5,13,19,11,77,91,106
391,7,9,8,3,11,16,18,10,10,6,13,10,6,8,5,10,14,8,6,9,107,111,118
392,7,11,14,11,13,13,9,7,15,7,5,15,11,5,12,14,11,11,16,12,84,113,70
393,11,10,5,12,18,16,18,7,13,8,7,18,17,13,19,11,16,8,18,9,117,101,79
394,19,9,5,8,7,9,9,9,7,8,8,10,13,12,15,15,16,13,10,12,92,117,102
395,18,5,9,12,13,3,15,14,7,9,10,16,5,7,10,13,14,8,14,11,86,102,100
396,7,12,13,1,11,13,19,12,19,6,14,12,15,9,7,14,5,8,11,12,118,105,83
397,9,14,4,5,18,2,18,13,13,10,6,9,11,9,9,14,16,9,18,9,111,106,90
398,19,9,4,10,6,5,15,9,14,4,8,14,7,6,9,13,8,10,17,11,109,118,87
399,9,15,15,9,13,2,17,17,9,15,17,12,13,5,18,14,11,10,18,12,77,97,110
400,11,11,2,13,16,11,9,9,10,4,16,15,5,16,5,14,5,8,9,11,83,83,104
401,16,19,13,9,10,9,14,13,6,15,12,17,14,7,15,15,12,10,9,12,73,110,88
402,19,13,2,9,5,7,16,13,7,10,5,9,11,10,13,15,9,8,5,11,94,94,108
403,8,8,10,2,18,9,7,15,16,12,9,11,12,7,15,13,16,8,13,11,103,115,77
404,15,11,14,14,5,10,19,8,9,2,10,16,13,16,5,12,13,13,16,12,106,115,99
405,9,13,15,1,16,2,16,7,11,14,17,13,17,16,13,13,7,12,17,9,115,84,91
406,13,10,9,12,19,6,5,17,8,8,6,12,9,7,18,11,11,10,12,11,109,102,92
407,6,16,5,7,7,6,6,8,16,12,5,9,9,13,9,10,19,10,16,10,83,112,70
408,6,9,8,1,15,2,5,8,17,16,16,12,8,9,6,12,7,10,17,12,85,83,85
409,7,16,12,10,19,11,17,17,13,13,12,10,17,15,11,14,12,8,16,12,102,85,71
410,6,17,4,1,16,15,9,5,11,11,11,16,12,12,19,11,18,11,17,10,116,105,71
411,9,8,2,5,15,8,10,18,8,13,11,10,7,12,16,13,15,12,14,10,90,93,84
412,18,19,8,2,15,3,5,3,7,7,15,17,13,15,19,12,14,9,5,9,82,119,79
413,15,7,7,1,10,3,13,6,16,14,5,17,14,12,13,14,11,8,7,9,108,101,88
414,11,15,8,4,10,2,16,4,18,9,19,19,12,10,14,14,16,9,6,9,118,98,102
415,16,14,11,8,13,7,17,9,19,10,11,19,10,16,14,15,17,9,18,9,72,108,98
416,8,19,3,4,14,14,10,18,5,2,13,11,6,6,19,10,6,11,12,10,101,110,113
417,18,11,15,1,11,15,19,16,12,12,8,15,12,14,9,12,14,10,5,11,119,93,97
418,5,17,11,5,7,3,5,13,16,9,5,12,10,7,17,10,6,8,7,9,109,105,110
419,14,15,11,7,7,11,6,14,19,11,8,10,15,8,10,14,10,8,16,10,119,117,94
420,13,7,15,5,13,16,5,18,10,12,13,11,19,9,10,12,15,12,10,11,96,87,104
421,10,10,3,9,12,12,7,16,11,5,15,16,12,13,5,13,9,12,18,12,119,94,110
422,5,12,16,11,7,3,12,11,13,13,9,9,10,13,6,10,10,9,18,12,91,101,78
423,7,12,10,8,9,14,6,11,9,14,7,10,6,7,13,12,12,13,15,10,114,109,78
424,13,11,14,13,14,10,12,8,18,11,18,14,13,13,5,14,6,13,19,9,106,81,98
425,17,5,2,11,19,13,18,17,12,10,17,12,12,5,14,14,13,12,6,12,105,83,91
426,13,15,11,13,17,10,11,17,8,2,13,19,14,8,16,11,18,10,17,9,114,100,78
427,15,19,3,6,11,14,19,11,7,6,8,19,12,13,6,12,6,11,5,9,92,92,90
428,19,12,13,13,14,4,12,8,5,3,19,11,6,10,19,10,12,8,12,9,102,106,80
429,18,19,12,9,6,3,6,9,12,2,13,15,18,14,9,15,14,13,10,12,111,99,74
430,17,19,5,14,10,8,8,15,17,6,19,10,15,7,11,15,10,11,11,12,83,110,95
431,10,17,3,3,7,15,10,14,13,9,13,9,10,11,7,14,8,13,10,10,88,117,70
432,12,18,3,10,19,2,14,9,19,8,5,15,10,7,14,12,8,13,9,9,76,90,82
433,5,10,13,3,19,7,13,6,14,4,6,15,5,14,13,11,10,10,8,10,93,112,99
434,15,9,12,5,6,4,10,11,18,9,6,15,9,11,5,14,13,8,7,11,88,85,119
435,12,16,13,10,14,16,15,15,7,11,12,16,18,9,17,14,6,12,6,10,79,118,95
436,11,18,5,9,17,5,17,7,18,15,12,18,11,12,6,14,10,10,10,10,99,98,99
437,8,19,5,2,16,7,17,16,13,13,16,19,5,9,8,14,6,8,19,11,117,87,117
438,11,9,14,8,16,6,15,18,17,5,7,15,15,13,11,14,7,10,7,10,111,116,109
439,8,11,8,4,15,3,18,14,10,6,7,13,5,6,15,13,10,13,9,12,75,92,83
440,10,12,5,3,13,10,8,11,9,7,15,16,6,7,8,15,14,9,12,11,84,111,89
441,14,9,6,5,10,16,5,17,15,3,12,18,12,14,19,15,16,9,18,9,107,109,78
442,8,15,6,1,9,5,16,15,10,15,10,9,18,5,6,11,7,12,9,11,111,117,97
443,11,8,9,6,19,4,14,16,19,7,18,9,8,12,13,13,12,12,19,11,100,94,113
444,11,6,14,11,9,9,16,18,6,13,15,9,15,10,9,10,18,11,8,10,102,85,92
445,9,5,6,5,17,3,18,17,9,7,18,19,9,9,17,15,10,13,9,11,104,107,110
446,10,10,11,6,9,7,19,3,8,5,19,11,17,13,6,14,5,10,19,11,98,89,108
447,16,10,14,7,17,11,16,18,6,15,14,16,8,10,9,13,11,10,14,11,79,100,110
448,10,14,16,3,14,14,10,8,19,10,14,17,8,8,18,11,6,9,9,11,119,89,113
449,12,11,10,7,8,12,16,12,12,2,12,14,7,6,7,10,18,12,17,10,107,83,89
450,19,18,2,1,13,10,14,7,18,14,19,15,12,13,11,14,9,12,16,9,84,118,104
451,14,16,14,9,8,16,17,6,14,8,15,17,6,5,5,10,10,9,14,11,78,80,70
452,10,14,12,4,7,11,6,13,5,13,5,16,17,15,17,13,13,9,10,9,110,103,77
453,12,12,8,10,18,5,14,12,6,12,17,10,19,15,11,15,17,13,5,12,116,81,114
454,6,12,7,12,10,2,5,13,6,15,13,9,12,13,13,15,5,8,10,11,88,112,94
455,5,12,13,9,18,15,13,3,9,9,12,9,7,6,19,11,10,13,8,10,70,117,114
456,12,18,16,7,14,16,14,10,19,15,9,13,10,6,16,14,18,12,10,11,111,98,118
457,12,17,9,7,18,7,6,17,7,10,17,10,19,8,5,12,14,11,8,10,88,96,78
458,12,15,14,13,10,6,10,18,5,14,15,13,13,12,5,13,8,9,15,11,113,80,115
459,13,7,9,14,11,8,5,5,5,8,8,15,7,11,15,10,11,11,6,11,110,113,75
460,10,14,8,1,17,16,13,3,12,14,16,19,11,7,12,12,14,13,12,11,95,98,77
461,19,14,16,3,12,3,8,12,18,7,19,13,13,7,16,11,14,10,5,9,88,111,80
462,9,16,15,2,11,6,16,14,16,7,12,9,13,6,19,11,13,10,12,11,94,84,94
463,15,8,8,9,17,4,5,5,17,8,10,12,15,8,6,13,7,12,18,9,95,111,93
464,6,7,7,1,11,3,11,7,12,12,13,13,17,9,15,10,15,13,6,11,96,102,117
465,17,13,12,3,19,3,14,5,18,5,14,10,15,15,18,15,6,10,15,12,76,112,98
466,8,6,13,8,18,4,11,15,12,13,15,13,9,14,19,12,14,11,18,9,100,113,100
467,5,5,4,8,18,12,18,9,7,12,12,13,15,14,6,11,12,10,5,12,86,103,82
468,5,17,4,1,18,13,16,11,19,2,17,10,11,9,14,12,15,13,11,9,91,118,87
469,17,13,6,7,12,10,9,12,7,3,19,10,14,14,9,14,16,9,13,12,104,118,110
470,19,19,14,13,14,6,11,4,7,3,6,12,18,15,15,14,10,10,6,10,86,89,88
471,11,9,13,2,18,3,18,7,5,2,19,19,8,14,12,11,16,13,19,9,92,81,99
472,18,16,5,10,14,8,18,4,9,5,18,14,17,11,18,14,19,8,17,10,88,88,94
473,16,14,16,7,6,10,17,10,10,4,11,15,15,14,5,10,12,11,10,10,75,102,92
474,14,18,15,1,19,9,18,3,19,11,11,17,9,13,14,11,5,12,18,10,72,96,98
475,8,15,11,5,11,3,11,4,9,11,13,16,10,11,17,11,9,13,18,9,118,101,105
476,6,6,16,13,5,6,18,17,7,3,18,9,14,6,14,13,5,12,11,9,72,85,119
477,15,14,12,14,6,10,5,11,19,15,15,12,8,10,16,14,6,9,9,11,111,106,89
478,11,14,12,9,9,15,15,11,10,3,14,14,8,12,7,10,13,10,19,10,116,110,105
479,19,13,9,4,8,13,6,11,8,2,8,16,11,13,13,14,11,9,9,10,109,89,116
480,9,16,15,8,12,15,12,14,13,2,17,13,12,6,14,13,11,12,17,10,99,83,70
481,18,15,3,6,17,4,11,3,19,8,12,10,18,15,11,11,14,10,12,11,90,103,87
482,9,11,4,3,17,5,6,15,13,3,16,18,14,9,11,15,13,8,5,9,91,101,71
483,17,15,15,9,7,4,7,16,16,16,5,15,15,11,12,12,13,9,15,10,107,92,108
484,5,8,10,5,14,12,12,18,16,16,10,17,6,13,17,11,14,13,5,11,94,97,75
485,8,10,16,6,11,8,8,8,11,5,5,12,5,15,7,13,11,8,14,10,104,104,87
486,8,6,6,12,17,6,17,9,6,3,7,12,9,10,13,14,19,11,11,9,111,89,70
487,12,11,5,9,9,2,12,4,14,12,17,19,7,5,9,13,5,13,10,12,97,80,102
488,8,5,11,3,12,16,5,17,16,5,12,14,18,5,10,10,12,11,16,9,92,103,87
489,16,12,2,10,12,8,11,8,11,15,6,13,16,14,14,14,19,11,14,10,116,89,75
490,6,14,4,4,15,9,19,6,19,3,7,17,10,11,17,12,16,8,7,9,72,80,101
491,5,11,7,8,6,14,8,11,11,10,17,15,14,7,18,13,11,12,17,11,74,115,97
492,15,15,7,6,15,5,17,11,12,10,12,14,14,9,12,10,8,10,14,11,90,103,89
493,13,6,2,5,5,15,13,11,13,2,8,9,6,9,11,15,18,10,13,10,113,88,93
494,17,9,12,13,12,16,15,13,7,4,12,11,18,9,7,15,7,12,19,10,103,98,89
495,15,17,8,5,18,3,17,9,6,10,17,10,14,5,6,12,5,8,17,12,74,110,85
496,7,5,13,11,17,14,14,13,6,2,17,19,10,8,11,13,17,10,14,11,108,98,116
497,14,14,5,10,19,2,10,9,10,3,7,10,17,13,7,12,7,11,11,11,79,108,104
498,6,16,13,13,9,5,19,4,14,15,14,9,10,7,10,14,5,13,18,11,100,113,117
499,17,18,14,2,7,9,5,17,18,6,9,9,13,11,6,11,17,9,8,12,103,89,115
500,16,9,15,2,15,5,15,13,17,6,19,10,16,11,10,13,6,8,18,12,101,101,90
501,15,5,15,2,7,12,6,17,19,4,12,13,7,15,14,12,14,11,11,11,105,114,99
502,12,6,2,2,15,8,6,18,16,2,15,9,10,6,7,12,13,11,5,11,113,103,83
503,13,13,12,4,18,5,8,11,6,4,7,18,17,10,10,13,18,12,7,11,74,94,100
504,8,18,6,11,19,16,5,4,18,10,7,15,16,11,8,13,13,10,10,9,96,101,70
505,5,11,16,12,14,16,7,5,16,5,14,17,9,8,19,15,6,10,16,10,99,111,90
506,18,14,13,8,12,10,8,9,12,10,14,12,14,9,19,11,12,12,9,9,105,108,106
507,7,8,10,10,8,3,15,5,16,4,10,12,12,13,7,14,19,11,8,11,109,112,95
508,16,10,3,6,12,6,19,6,17,5,16,13,10,5,17,15,13,13,16,9,77,98,90
509,5,6,8,10,12,11,13,7,10,15,7,14,10,9,17,11,15,10,18,12,112,114,84
510,9,19,3,5,7,9,9,5,8,9,6,19,11,14,6,10,17,8,13,12,102,99,114
511,13,11,8,1,13,10,17,18,10,3,19,19,5,6,13,11,9,9,11,12,116,112,119
512,11,5,15,4,8,16,6,10,10,6,10,11,14,8,15,12,5,9,9,9,115,114,109
513,14,7,14,5,17,6,17,10,7,3,17,16,11,7,11,12,12,8,10,12,76,101,107
514,13,15,12,9,18,3,8,11,16,5,14,14,9,13,10,13,10,8,17,11,113,94,115
515,13,5,15,3,5,5,7,5,10,2,11,15,10,14,9,15,7,9,17,10,71,92,73
516,8,5,5,1,14,3,14,17,6,4,7,10,8,14,13,15,15,8,10,12,116,81,85
517,15,15,15,3,16,15,9,7,17,10,11,17,8,5,16,12,15,9,16,11,114,119,101
518,18,17,10,11,6,10,10,4,14,8,10,12,7,14,7,11,18,12,7,9,101,99,91
519,5,9,4,4,15,8,9,5,15,15,17,16,13,8,5,10,17,8,17,10,105,114,101
520,7,19,2,2,19,11,8,18,16,10,9,19,7,8,10,15,19,11,5,9,85,103,96
521,15,6,12,12,8,10,16,11,19,16,6,13,8,11,11,13,7,9,11,12,82,87,71
522,13,7,12,4,5,2,8,9,7,6,10,12,8,15,16,10,14,12,16,10,72,94,103
523,6,14,12,13,17,16,13,16,18,12,15,15,13,15,14,10,10,12,12,9,92,81,114
524,7,18,10,3,7,11,16,11,16,16,16,19,12,16,19,12,18,12,9,10,74,118,106
525,9,6,6,2,8,14,5,15,19,4,6,12,13,5,9,10,14,13,18,11,116,96,94
526,16,6,11,4,11,8,10,10,11,4,11,19,6,6,19,13,5,12,17,12,114,106,116
527,5,6,10,14,16,6,8,14,9,5,19,15,19,8,18,15,16,13,5,10,101,97,99
528,17,16,5,3,18,16,17,10,14,2,9,12,8,10,8,14,12,9,17,9,116,89,101
529,18,16,3,3,14,11,12,6,8,3,10,10,8,10,18,15,10,10,15,9,92,90,84
530,5,8,9,5,10,8,16,15,16,4,18,19,8,14,10,10,13,8,16,10,88,116,95
531,6,5,2,6,13,15,13,8,8,12,18,16,5,8,18,13,16,11,9,11,112,106,91
532,13,13,12,3,6,12,13,13,6,11,5,14,13,11,12,13,15,10,8,12,87,92,86
533,9,8,9,8,8,4,11,9,5,16,11,13,11,15,6,14,12,12,7,12,109,86,117
534,15,8,13,2,13,5,13,8,11,5,8,13,6,15,10,14,6,10,14,11,89,91,105
535,10,17,6,11,14,9,14,18,13,6,9,16,14,5,16,14,15,13,11,9,83,93,111
536,18,13,11,14,5,6,14,8,7,7,15,15,13,16,8,12,14,8,13,10,111,108,105
537,7,9,15,7,15,3,12,9,8,6,15,17,15,16,16,15,16,10,15,9,118,116,104
538,13,19,2,3,11,13,10,14,12,9,5,19,17,9,13,13,19,13,17,12,106,117,99
539,16,9,4,11,5,4,9,10,6,15,5,13,6,15,14,11,6,9,5,11,107,94,100